"Tarih","PM10","SO2","NO2","O3"
"2020/06/02",24.630038695652,71.454729583333,25.678000434783,72.121372173913
"2020/06/01",21.792328583333,69.114945416667,23.790591956522,76.538667391304
"2020/05/31",20.98228875,11.719236416667,16.303677652174,88.99573826087
"2020/05/30",20.388068291667,10.948081666667,17.931717086957,71.212566666667
"2020/05/29",21.803980875,70.234391666667,19.046499,68.041666521739
"2020/05/28",18.13555175,69.222884166667,13.51579073913,77.17629
"2020/05/27",18.43454025,70.313054166667,30.546873043478,60.13652826087
"2020/05/26",25.330700291667,69.691062916667,15.473167869565,60.938733043478
"2020/05/25",20.70242775,66.10482125,12.522949695652,61.81658
"2020/05/24",15.690998625,69.198546666667,16.466456,68.937006521739
"2020/05/23",18.302649958333,65.82064,15.21267226087,67.27705173913
"2020/05/22",17.595677166667,65.87894375,22.680991043478,66.694217826087
"2020/05/21",52.593332,75.95858,29.861934347826,58.690837826087
"2020/05/20",54.837852083333,76.988251666667,42.226740869565,62.528030434783
"2020/05/19",49.24651375,76.309675833333,30.473792173913,56.353409130435
"2020/05/18",61.3958525,75.812865416667,32.112452608696,66.838010434783
"2020/05/17",57.911727916667,75.528701666667,26.646580434783,78.22642826087
"2020/05/16",64.202384166667,75.716949166667,27.508168695652,72.295307826087
"2020/05/15",62.947990833333,75.791684583333,50.807273913043,68.22497
"2020/05/14",75.627565416667,70.749402916667,30.738830434783,47.339079130435
"2020/05/13",51.208048333333,13.734934875,23.498677826087,56.536806086957
"2020/05/12",42.144655,16.216245833333,33.552386782609,82.120513478261
"2020/05/11",39.940779583333,15.306580458333,42.713397391304,72.864470869565
"2020/05/10",27.61187625,75.36517625,34.381254347826,72.989108695652
"2020/05/09",26.49267,74.180583333333,29.76593173913,74.639513478261
"2020/05/08",29.3857425,70.069345416667,25.170627521739,70.026300434783
"2020/05/07",14.571337875,69.75225375,13.096109434783,88.059835652174
"2020/05/06",29.631456666667,71.219610416667,18.456205217391,69.429060869565
"2020/05/05",18.579711083333,68.540121666667,17.768290304348,48.431231958333
"2020/05/04",12.984492958333,68.281017083333,12.996775375,52.804946086957
"2020/05/03",15.244318291667,68.2111625,12.787911043478,61.25487
"2020/05/02",27.23088,71.600567916667,19.930893391304,70.483470434783
"2020/05/01",23.980797083333,73.0736825,17.585315173913,80.838086956522
"2020/04/30",32.08966125,72.481661666667,29.90494826087,77.289579130435
"2020/04/29",37.093160416667,73.440077083333,52.01672826087,58.805869565217
"2020/04/28",29.800160833333,70.797086666667,34.491402173913,66.834474782609
"2020/04/27",38.871957083333,72.413175833333,31.317297391304,73.370655217391
"2020/04/26",27.659342083333,69.399355,23.025760652174,84.721144347826
"2020/04/25",27.233339041667,69.359503333333,23.184424869565,65.56680173913
"2020/04/24",26.62249125,70.847316666667,19.496329173913,70.016948695652
"2020/04/23",22.58544125,72.077847083333,21.628524782609,75.282893043478
"2020/04/22",28.285906666667,69.032575833333,22.938960869565,75.880320434783
"2020/04/21",34.5421275,69.039759166667,23.469656913043,76.339800869565
"2020/04/20",34.853697083333,66.88824375,24.261831304348,
"2020/04/19",42.906038333333,72.107937916667,46.011382608696,
"2020/04/18",39.498065833333,69.935655416667,37.926664347826,
"2020/04/17",34.839759583333,68.13641,34.745343043478,
"2020/04/16",22.370415416667,66.188915416667,23.370066521739,
"2020/04/15",22.5249385,65.222542916667,17.405386695652,
"2020/04/14",46.570195833333,74.221220833333,41.59836173913,
"2020/04/13",40.42887,78.015339166667,37.28732,60.692649565217
"2020/04/12",38.026393333333,77.980842916667,26.419434347826,68.513562608696
"2020/04/11",47.79598375,79.96546,46.630112916667,61.434896086957
"2020/04/10",32.86008375,74.723771666667,36.680642608696,
"2020/04/09",25.7235925,71.490104583333,21.460708666667,
"2020/04/08",31.209315,71.318697083333,18.037814347826,
"2020/04/07",33.689835,71.344497083333,16.583319478261,
"2020/04/06",35.51582125,72.270232083333,23.896651043478,
"2020/04/05",23.803754583333,71.356857916667,20.82326826087,
"2020/04/04",36.053357916667,71.70330375,54.250056521739,
"2020/04/03",12.783319166667,71.11951875,23.071453913043,
"2020/04/02",30.929078125,71.042920833333,28.623133913043,
"2020/04/01",20.820222083333,68.508464583333,21.497588695652,
"2020/03/31",50.6324825,8.2668091666667,37.425866521739,
"2020/03/30",52.4091225,7.6355529166667,31.32037173913,
"2020/03/29",35.509676666667,8.4448195833333,21.607210869565,
"2020/03/28",93.980385416667,7.7092695833333,23.804940869565,
"2020/03/27",53.355652083333,7.3957779166667,34.826736086957,
"2020/03/26",32.390045416667,7.516415,28.29087173913,
"2020/03/25",13.631323708333,7.8419245833333,25.92438173913,
"2020/03/24",16.059547,7.7626625,28.541395217391,
"2020/03/23",25.779542916667,7.35807125,31.425132608696,
"2020/03/22",39.85367125,7.35491375,42.151525652174,
"2020/03/21",33.552744166667,7.9007675,51.56135173913,
"2020/03/20",37.11870125,7.47325625,50.344902608696,
"2020/03/19",24.110193833333,7.8543366666667,28.210547391304,
"2020/03/18",20.65308375,8.3729572916667,35.854057826087,
"2020/03/17",16.029289375,7.139180125,29.222929166667,64.021685
"2020/03/16",14.882161791667,7.9040827916667,18.97776826087,
"2020/03/15",26.708429708333,7.858653625,29.008897083333,64.965649684211
"2020/03/14",41.90218625,7.6425734583333,48.734287826087,42.035549130435
"2020/03/13",44.2411875,7.560863875,49.674524347826,50.209893826087
"2020/03/12",33.367451666667,7.3489100833333,57.224002173913,42.093956956522
"2020/03/11",41.773801666667,7.49421675,58.331843913043,28.028514217391
"2020/03/10",34.698234,7.4903680869565,34.99881826087,47.745187391304
"2020/03/09",61.002010416667,7.6218931666667,64.535067619048,29.861806
"2020/03/08",49.072315,6.35497825,54.144351304348,41.414294391304
"2020/03/07",33.135422083333,6.9134522916667,48.573182608696,47.659010869565
"2020/03/06",35.5647925,7.394698625,42.985653043478,37.11279173913
"2020/03/05",51.94205,7.4712950833333,70.687414347826,22.367843913043
"2020/03/04",63.16813875,7.3263,78.56132826087,21.098103782609
"2020/03/03",52.97879,6.4399069583333,53.639139090909,53.243392695652
"2020/03/02",39.788206666667,6.81877025,58.115427826087,42.286574608696
"2020/03/01",23.372090833333,6.5259984583333,34.662016956522,52.624625695652
"2020/02/29",23.61670375,7.4288391666667,38.285367391304,51.118624782609
"2020/02/28",25.008871625,7.0905395833333,38.315541043478,54.176037695652
"2020/02/27",28.900480416667,5.3729562083333,17.313588782609,
"2020/02/26",27.861945833333,5.1599190833333,34.62709173913,
"2020/02/25",33.854091666667,6.1916762916667,49.770426521739,
"2020/02/24",32.605693333333,5.873922375,34.864193043478,
"2020/02/23",32.6463725,5.929539625,44.315444782609,
"2020/02/22",26.550664583333,5.686321625,31.745139130435,
"2020/02/21",22.14980875,6.1445558333333,38.14969826087,58.718202608696
"2020/02/20",76.82320625,6.9800545,64.348320434783,17.302651166667
"2020/02/19",56.7706075,7.4022495833333,59.412621666667,24.498366565217
"2020/02/18",64.061025217391,8.5402604545455,62.008215454545,25.973175090909
"2020/02/17",40.495942083333,,,
"2020/02/16",27.323554583333,6.5913670416667,30.834904782609,
"2020/02/15",24.2297235,6.0871675,38.407812608696,
"2020/02/14",31.879535833333,7.7317345,50.091674347826,39.457680478261
"2020/02/13",26.687702666667,6.8131087083333,52.559995652174,34.198496304348
"2020/02/12",15.250496916667,5.62797875,30.368660565217,61.830093913043
"2020/02/11",25.584916666667,8.7169650416667,27.255413043478,65.271555217391
"2020/02/10",28.60038875,7.0010345833333,34.04767826087,53.191930869565
"2020/02/09",18.656667375,5.5191008333333,27.057511304348,59.112376086957
"2020/02/08",13.125406958333,6.0225854166667,20.710948478261,63.981446086957
"2020/02/07",14.507559208333,5.7324241666667,31.337712608696,50.282989130435
"2020/02/06",9.9622323333333,8.5270454166667,22.875879608696,55.735730434783
"2020/02/05",23.150490416667,10.076114625,35.090875782609,54.539135652174
"2020/02/04",32.136994090909,16.617935416667,37.420504565217,51.590985652174
"2020/02/03",34.94245625,18.0516925,19.672953391304,76.523715652174
"2020/02/02",36.983,13.8002725,44.625033478261,47.990475391304
"2020/02/01",32.136118695652,13.343280833333,36.316060782609,61.955733521739
"2020/01/31",21.232249166667,6.6384387916667,32.616030434783,52.789533043478
"2020/01/30",15.100710166667,5.3074805,52.370399130435,44.358595652174
"2020/01/29",26.82886125,7.3210662083333,28.326594347826,59.121337478261
"2020/01/28",41.318762916667,7.5530942916667,54.246857391304,29.634554565217
"2020/01/27",40.663489166667,17.173204166667,33.16659173913,
"2020/01/26",32.805223333333,13.022514583333,33.745383478261,
"2020/01/25",28.317402083333,7.0811310833333,32.78935125,
"2020/01/24",29.20181375,7.2244471666667,48.151214347826,
"2020/01/23",27.300610833333,8.1293609583333,32.557946086957,
"2020/01/22",31.81547375,6.830120625,43.610263043478,28.925654086957
"2020/01/21",24.545066666667,5.4587970833333,29.845636782609,47.616470869565
"2020/01/20",15.079331,5.5415345416667,29.293262608696,52.704958695652
"2020/01/19",19.536566863636,7.5683126666667,36.13926,48.655660434783
"2020/01/18",18.943857458333,6.2186017083333,37.162762608696,55.350074782609
"2020/01/17",18.874154166667,5.8604732916667,30.927085652174,63.194417391304
"2020/01/16",40.207505,6.86153125,47.014346086957,33.764626695652
"2020/01/15",49.290695,7.6119283333333,58.144817826087,22.287096652174
"2020/01/14",50.048893333333,7.92743875,55.031296086957,22.256950869565
"2020/01/13",39.954694166667,6.1843300833333,51.294728695652,22.446929913043
"2020/01/12",44.566047916667,6.9713099583333,62.405652173913,21.258672043478
"2020/01/11",30.332297166667,9.9542025416667,40.226397391304,52.093573043478
"2020/01/10",33.239334583333,6.76168275,50.792022608696,30.023294347826
"2020/01/09",21.415081875,6.462718375,50.35460226087,42.373452652174
"2020/01/08",14.206559333333,5.1839300416667,21.802885608696,64.666365217391
"2020/01/07",11.556713333333,5.9606821666667,21.750419782609,53.468366521739
"2020/01/06",20.625196625,5.8921110416667,56.601763043478,35.736577391304
"2020/01/05",34.949144458333,5.7419804166667,42.126272608696,43.355729565217
"2020/01/04",37.233933333333,5.5423269583333,47.891042608696,31.939217826087
"2020/01/03",26.707081875,5.9239245,50.441996956522,33.193646521739
"2020/01/02",17.371514208333,5.856034,39.685931304348,50.153549130435
"2020/01/01",22.601212166667,6.0131817083333,28.245599130435,45.154905875
"2019/12/31",17.022731458333,6.12229375,24.448494083333,40.383513913043
"2019/12/30",17.199618875,6.8128008333333,37.372427826087,24.540504217391
"2019/12/29",11.965461666667,7.4192266666667,25.66969,29.629580652174
"2019/12/28",13.100518166667,6.76867625,33.670119478261,41.216020869565
"2019/12/27",18.465668916667,6.332611375,38.645187826087,37.266753913043
"2019/12/26",14.588606541667,6.5242692916667,28.568429130435,33.657114347826
"2019/12/25",15.694827375,6.5073067916667,34.181734782609,24.057288130435
"2019/12/24",14.269423958333,6.469655875,36.682999130435,38.87617826087
"2019/12/23",17.773818333333,5.4198622916667,24.303359391304,69.43499173913
"2019/12/22",37.373322083333,5.0566304583333,19.234592869565,75.112920434783
"2019/12/21",37.8674775,5.7470995,32.56778173913,51.00671
"2019/12/20",35.24542125,6.17327675,46.67823826087,22.400403956522
"2019/12/19",38.473593333333,5.980167875,43.710752608696,29.685155608696
"2019/12/18",37.337150833333,5.5611375416667,37.770105652174,35.22085273913
"2019/12/17",31.830099166667,5.83742875,33.550425652174,38.35584826087
"2019/12/16",42.844159583333,7.53950025,55.660026956522,23.615740608696
"2019/12/15",32.354095,6.7846695833333,53.743256521739,25.626161608696
"2019/12/14",36.158516666667,6.7493234166667,59.965357826087,29.419838652174
"2019/12/13",53.718096666667,7.2650086666667,59.998356956522,12.683610173913
"2019/12/12",99.687149166667,9.2238997083333,94.966092608696,8.7991506086957
"2019/12/11",65.390247083333,7.0118096666667,77.586174347826,18.330865826087
"2019/12/10",34.633409166667,5.3864671666667,39.435729130435,44.494594434783
"2019/12/09",43.350818333333,5.9658974583333,44.849336956522,25.58579873913
"2019/12/08",28.233523333333,4.5466391666667,30.707099130435,35.402777347826
"2019/12/07",20.707585,4.524842,22.982497826087,51.3042125
"2019/12/06",34.586970833333,5.8007369583333,45.8752075,25.76232673913
"2019/12/05",28.435713166667,5.1115402916667,52.744558695652,27.790276652174
"2019/12/04",12.01130275,5.5271009166667,35.018589565217,48.263260869565
"2019/12/03",28.721485,4.6910633333333,40.501230434783,28.754657521739
"2019/12/02",28.303117083333,5.3810232916667,47.269606521739,31.535103217391
"2019/12/01",13.710564125,4.6006215833333,20.310561304348,52.28807173913
"2019/11/30",20.91307875,3.9474227083333,25.500283478261,60.059616086957
"2019/11/29",23.497026666667,3.643753875,29.559017826087,55.931256521739
"2019/11/28",35.776499583333,4.2614103333333,35.19657826087,29.181196782609
"2019/11/27",35.296346666667,4.8366140833333,39.145939565217,31.920035217391
"2019/11/26",39.563733333333,5.3054558333333,59.341449565217,31.360350956522
"2019/11/25",87.558647083333,6.8218467083333,82.921684347826,8.6838524782609
"2019/11/24",64.854675,5.4707216666667,50.620209130435,20.646764869565
"2019/11/23",58.724033333333,5.6379791666667,57.585872173913,18.480103565217
"2019/11/22",56.88606875,5.45344625,50.18398173913,24.188864652174
"2019/11/21",73.236564166667,6.9929265652174,80.587197391304,21.198666478261
"2019/11/20",79.108052916667,5.83605875,68.39385173913,19.188465173913
"2019/11/19",70.127052916667,6.2264342916667,76.328243913043,15.988779521739
"2019/11/18",80.219193333333,6.1995114583333,71.698959130435,14.673439521739
"2019/11/17",65.08034375,5.802101625,46.699350434783,25.391157391304
"2019/11/16",59.959416666667,5.6607828333333,67.366333043478,22.240056826087
"2019/11/15",45.49616,5.3443718333333,55.454177826087,31.851123434783
"2019/11/14",58.7731525,5.1938354583333,62.106235217391,19.69404873913
"2019/11/13",67.389049583333,6.3497642173913,54.730886086957,43.687374608696
"2019/11/12",70.703524166667,5.49397475,66.803666956522,24.973258875
"2019/11/11",60.364304166667,4.7863497083333,73.13494875,18.345087869565
"2019/11/10",60.854153333333,5.4052990416667,67.951549565217,26.082186130435
"2019/11/09",59.054732916667,4.8977425833333,68.295770869565,33.774109652174
"2019/11/08",61.548980454545,5.0027187083333,52.300446521739,39.138925608696
"2019/11/07",61.727622380952,5.7021887083333,43.518826086957,37.259743391304
"2019/11/06",60.140407916667,4.7580489166667,50.363978695652,33.741655086957
"2019/11/05",30.832945,4.5407642083333,27.281460521739,62.018790869565
"2019/11/04",35.38916,5.3286984166667,39.423279565217,43.606943043478
"2019/11/03",31.932993666667,5.02543225,35.474113478261,42.098356913043
"2019/11/02",28.5520525,5.6403889166667,42.154305217391,36.892976565217
"2019/11/01",16.976838583333,4.6969444166667,35.169935173913,39.450613826087
"2019/10/31",43.125175,4.5637976666667,38.740446956522,28.734876826087
"2019/10/30",57.105345833333,4.9044084583333,41.69108826087,39.58089373913
"2019/10/29",48.023305416667,4.6802530416667,34.312018695652,37.998279
"2019/10/28",47.26520625,5.2243395833333,42.101788695652,34.137580217391
"2019/10/27",43.225189583333,4.7225250833333,32.695708695652,40.07745573913
"2019/10/26",53.541804166667,4.8876468333333,35.499443043478,40.023308086957
"2019/10/25",49.424274166667,5.2673835,43.520016086957,43.77636
"2019/10/24",43.643357916667,4.60136675,41.978746956522,48.292612608696
"2019/10/23",42.17156375,4.913493375,40.184500869565,58.452289478261
"2019/10/22",47.295866666667,4.1744204166667,41.172204782609,38.400655652174
"2019/10/21",55.0134325,4.0849566666667,41.603073043478,40.310015782609
"2019/10/20",69.963949583333,4.67411175,39.150900434783,49.398454
"2019/10/19",89.7750525,5.0744393333333,49.443102173913,45.993121217391
"2019/10/18",88.720020416667,5.6045412916667,51.057055217391,28.516225625
"2019/10/17",80.88197,5.2995658333333,36.170105833333,48.110607086957
"2019/10/16",86.642171666667,5.8492978333333,44.508863478261,47.10015626087
"2019/10/15",73.794922083333,5.6969397083333,43.16627173913,43.931124217391
"2019/10/14",51.249826666667,4.7957008333333,36.689969434783,50.272812304348
"2019/10/13",45.916333333333,4.5788275416667,34.241195478261,43.97723626087
"2019/10/12",34.418843333333,4.3315320416667,38.893182695652,44.159058913043
"2019/10/11",44.28624375,4.4305585833333,47.449456521739,28.055690826087
"2019/10/10",37.93255375,4.5204130416667,34.35677026087,38.242791956522
"2019/10/09",24.1430125,5.0369346666667,35.023154782609,35.839253478261
"2019/10/08",15.418046458333,4.6260413333333,38.926473478261,36.693041304348
"2019/10/07",23.436701208333,5.085864,36.048512173913,44.230311521739
"2019/10/06",17.428550083333,4.1594043333333,27.091018478261,50.85513
"2019/10/05",22.451386166667,5.2520215,29.064967434783,45.243338695652
"2019/10/04",48.79946,5.1501324583333,50.677385217391,66.328874347826
"2019/10/03",60.998822083333,5.4054801666667,56.507593478261,68.406292608696
"2019/10/02",54.46900625,4.8155063333333,43.144937826087,74.49825
"2019/10/01",50.463587916667,5.3582674583333,60.692868695652,49.462786304348
"2019/09/30",37.468807083333,7.3098245416667,45.929845217391,57.037118869565
"2019/09/29",39.176689583333,5.1286620416667,35.740722173913,50.478436521739
"2019/09/28",32.024872916667,3.9907374166667,41.736484347826,44.843070869565
"2019/09/27",29.504264583333,4.05409225,28.038239782609,63.692662173913
"2019/09/26",35.010455833333,4.479202875,35.228676956522,56.829697826087
"2019/09/25",,,,
"2019/09/24",,,,
"2019/09/23",33.935605416667,4.691532,35.438123043478,55.051231166667
"2019/09/22",22.675737916667,5.0839382916667,30.332466666667,48.891170434783
"2019/09/21",19.517805833333,4.3591230833333,28.529986521739,55.421632608696
"2019/09/20",26.345625416667,5.8234138333333,29.644875217391,55.499842608696
"2019/09/19",45.90282875,4.8083245416667,40.086660434783,69.527580434783
"2019/09/18",58.016382916667,4.41547325,54.666213478261,85.371996086957
"2019/09/17",45.843509,4.9313441304348,31.817655409091,71.427871363636
"2019/09/16",40.705806666667,4.8084313333333,33.537427391304,54.5796
"2019/09/15",42.463100869565,5.6016295,32.09607826087,54.259848695652
"2019/09/14",42.006769166667,4.7490392083333,35.458513043478,60.668533043478
"2019/09/13",40.591847916667,4.5792775833333,37.340873913043,51.28876
"2019/09/12",39.936665416667,4.7068823333333,31.383976521739,53.658729043478
"2019/09/11",39.27624625,5.065876375,32.405495217391,71.995609130435
"2019/09/10",38.537593181818,5.8337822608696,34.53068,59.943373636364
"2019/09/09",37.1345925,7.195150375,33.305968695652,69.28955173913
"2019/09/08",40.973377,7.4572203181818,33.297076047619,64.328052857143
"2019/09/07",31.482157083333,6.8645279583333,36.140723913043,69.408117521739
"2019/09/06",32.865853333333,6.1290054166667,34.638476521739,64.529217391304
"2019/09/05",48.002905416667,5.9329265833333,38.004926521739,64.710028695652
"2019/09/04",47.585710833333,5.7781085833333,40.69115173913,64.19369
"2019/09/03",48.833320416667,4.942305,39.211876086957,66.272190869565
"2019/09/02",47.2325925,5.0459620416667,,59.713714347826
"2019/09/01",46.579699166667,4.5209785416667,,68.285024347826
"2019/08/31",42.276223333333,5.906531,,63.629652173913
"2019/08/30",46.15645,5.6724288333333,,67.366760434783
"2019/08/29",46.417620434783,4.8243553333333,,63.875941666667
"2019/08/28",43.5020725,4.2467799166667,,63.307640869565
"2019/08/27",47.199220833333,4.4588272916667,39.042073043478,56.522036956522
"2019/08/26",51.077330833333,4.2492220833333,39.95034826087,68.410373478261
"2019/08/25",54.357963333333,4.6883950416667,30.623252608696,76.116642173913
"2019/08/24",57.7043915,4.669885375,28.11633826087,76.219671304348
"2019/08/23",49.243915416667,4.6682592083333,23.622461956522,66.213015652174
"2019/08/22",42.739842083333,5.0100313333333,21.623385304348,79.741495652174
"2019/08/21",32.390630454545,4.0742379583333,34.232810434783,54.406290869565
"2019/08/20",32.478167916667,4.230728125,34.006524347826,57.573085217391
"2019/08/19",31.318568333333,3.8300288333333,34.243478086957,58.58565
"2019/08/18",19.320230416667,3.9532245833333,23.280475956522,65.067862173913
"2019/08/17",28.972030791667,4.489381375,33.132035217391,44.559208956522
"2019/08/16",35.41480375,2.9424569583333,33.481711652174,51.864756956522
"2019/08/15",38.633167083333,2.4678987083333,27.254643913043,64.401440434783
"2019/08/14",38.27741625,2.7409953333333,23.009511782609,90.415329130435
"2019/08/13",30.818969583333,2.855236375,25.438911913043,88.389856521739
"2019/08/12",31.968733333333,2.813303,27.303265652174,89.355341304348
"2019/08/11",26.745215416667,3.124667625,25.336808347826,74.757305652174
"2019/08/10",31.70418875,3.1535561666667,32.699926565217,79.616415217391
"2019/08/09",37.72624375,2.9046862083333,32.83782826087,76.538970869565
"2019/08/08",35.7733375,3.1648284166667,30.596958695652,76.754075416667
"2019/08/07",30.994052666667,3.8708525416667,38.591681,70.331720833333
"2019/08/06",32.750910833333,3.8881049583333,33.220025347826,70.524602083333
"2019/08/05",28.22447,3.428444125,30.279406956522,67.096052916667
"2019/08/04",28.3255475,2.6131366666667,22.622874652174,82.786546666667
"2019/08/03",34.890509583333,3.29677875,32.979870291667,78.602874583333
"2019/08/02",43.45397125,3.2249379166667,24.17979573913,83.299537916667
"2019/08/01",44.67523875,3.0726104166667,31.304571304348,81.330699166667
"2019/07/31",40.143245833333,2.6772820833333,30.628462608696,75.95610125
"2019/07/30",39.14038875,2.4885095833333,18.570193173913,89.63969125
"2019/07/29",42.013960416667,3.3995454166667,26.546087695652,83.61585375
"2019/07/28",39.339047083333,3.201935,24.017757173913,77.95071375
"2019/07/27",35.82577625,3.7148387916667,31.669274347826,75.87822625
"2019/07/26",35.914837916667,3.5542354583333,34.840327391304,66.542837916667
"2019/07/25",33.87583625,3.42014625,31.174146521739,69.970115416667
"2019/07/24",30.441384545455,3.6944841666667,30.740937826087,71.716765833333
"2019/07/23",51.6711075,2.677752625,32.338020869565,82.5585175
"2019/07/22",44.750124166667,3.622372125,37.245889130435,74.643894166667
"2019/07/21",42.240449583333,4.4749445,33.473946521739,75.096617916667
"2019/07/20",38.1036825,3.8689585,32.592340434783,75.870382083333
"2019/07/19",34.865785,4.1308105416667,31.386706043478,71.6179875
"2019/07/18",31.03376875,4.5779192916667,26.871727391304,82.89325625
"2019/07/17",29.01911125,6.6552479166667,39.034928695652,58.941290833333
"2019/07/16",35.72309625,7.1260229166667,29.711803043478,82.153598333333
"2019/07/15",22.182992541667,4.5536945833333,21.261155347826,77.702999583333
"2019/07/14",28.672677916667,7.2827270833333,37.362506521739,60.414046521739
"2019/07/13",27.241529375,4.792077625,33.893528652174,81.778276956522
"2019/07/12",26.251577083333,4.532056625,29.800833434783,66.469377391304
"2019/07/11",23.897464166667,4.6624491666667,30.711539130435,65.060395652174
"2019/07/10",44.915152916667,5.1062877083333,39.500723913043,82.11149625
"2019/07/09",41.927254166667,3.7942657083333,35.149668333333,120.99326826087
"2019/07/08",36.567218333333,4.18168925,36.398763217391,89.801985652174
"2019/07/07",33.819000416667,5.48602525,27.590529956522,94.040195652174
"2019/07/06",38.65351875,5.0027144583333,30.035180434783,84.203020869565
"2019/07/05",34.901013333333,3.462104625,30.915176086957,79.04513
"2019/07/04",38.08714125,3.0441304583333,31.879070434783,72.00761826087
"2019/07/03",35.590707083333,5.8133646666667,32.910783478261,76.90712
"2019/07/02",27.802089166667,3.5089814583333,31.431283913043,68.736040869565
"2019/07/01",30.747811666667,5.81851825,35.818756521739,56.727993043478
"2019/06/30",21.331394208333,3.9223957083333,26.348478,59.992296521739
"2019/06/29",32.14721,2.9045897083333,29.826089565217,71.376473043478
"2019/06/28",38.421605909091,4.8940141666667,33.744539565217,87.79015173913
"2019/06/27",42.713331666667,3.7262075416667,41.46760173913,75.161933043478
"2019/06/26",38.5508025,3.888443375,35.392850434783,54.757076956522
"2019/06/25",39.160840416667,4.788461375,28.884100391304,84.626353913043
"2019/06/24",43.504981666667,5.0390669166667,50.858896521739,73.261216956522
"2019/06/23",52.982389166667,4.963513625,29.178059695652,104.77738391304
"2019/06/22",44.14029173913,4.7496095,28.581706521739,95.746272173913
"2019/06/21",60.728434583333,6.7278753333333,47.475057826087,51.15110473913
"2019/06/20",39.825355,7.572783375,40.251973478261,58.224560434783
"2019/06/19",53.450687916667,5.3770834583333,37.171023043478,46.309260869565
"2019/06/18",45.074428333333,4.8471205833333,31.246423913043,65.260399565217
"2019/06/17",55.49523625,4.046560125,29.962907391304,79.58861173913
"2019/06/16",44.498635833333,4.7778207916667,21.787481565217,79.07583173913
"2019/06/15",42.426519583333,5.0920411666667,40.59577173913,64.01395875
"2019/06/14",42.342334583333,4.7838080833333,21.005217166667,100.06515565217
"2019/06/13",49.139519583333,4.7314990833333,18.426809391304,99.377413478261
"2019/06/12",38.369707083333,4.6690109166667,30.310713608696,69.37388
"2019/06/11",34.081045454545,6.969847375,38.122363043478,64.872149565217
"2019/06/10",33.20441875,4.744669625,31.675952608696,69.228740434783
"2019/06/09",32.350857916667,5.784642875,22.901702,79.266244782609
"2019/06/08",33.490111666667,6.361362125,30.282879173913,78.38398173913
"2019/06/07",36.204939583333,6.1134132916667,27.734903043478,88.335310869565
"2019/06/06",35.310394583333,5.7248960833333,24.573008913043,88.055675652174
"2019/06/05",22.849284583333,5.0472692083333,17.145317347826,90.086187391304
"2019/06/04",29.498435833333,6.6802810416667,14.247019391304,90.948780434783
"2019/06/03",41.75405125,7.073547625,19.00706526087,77.802363043478
"2019/06/02",45.200879166667,4.98676725,28.461516956522,59.969074782609
"2019/06/01",44.624234583333,4.725836375,26.588796086957,99.989307391304
"2019/05/31",35.58510375,4.0082265833333,35.10486826087,95.593232608696
"2019/05/30",35.169994166667,5.3771474583333,26.344385521739,90.04299826087
"2019/05/29",53.74169875,4.4795245416667,30.006332434783,103.7881526087
"2019/05/28",63.541014583333,13.991342125,69.657886521739,78.814726086957
"2019/05/27",38.608994166667,4.7123932916667,40.887894347826,89.479297391304
"2019/05/26",29.433336666667,7.139614625,23.492624478261,87.658100434783
"2019/05/25",29.810575833333,4.19413,20.777721304348,78.115625652174
"2019/05/24",32.273192916667,5.4738478333333,33.740222608696,72.701665652174
"2019/05/23",25.70231825,4.8190159166667,26.017406521739,75.814709130435
"2019/05/22",43.426667083333,6.809974125,31.706735391304,75.190481304348
"2019/05/21",54.166447083333,13.587944166667,40.159716086957,87.193248333333
"2019/05/20",54.6137025,8.0712375833333,56.04560625,75.709947956522
"2019/05/19",42.426045833333,4.9702612083333,32.172610869565,76.558258695652
"2019/05/18",37.99771875,4.5714837083333,29.669409130435,62.130481304348
"2019/05/17",42.475239166667,5.3594732083333,45.279977391304,51.253442173913
"2019/05/16",47.633814583333,5.277010375,52.206151304348,57.620231913043
"2019/05/15",66.107693333333,9.0773250416667,60.914617826087,45.274116130435
"2019/05/14",49.700119166667,7.0515120416667,42.258863913043,51.655223782609
"2019/05/13",36.071715416667,6.37752375,37.053291304348,58.952005217391
"2019/05/12",27.27232625,8.2431912916667,37.653388695652,63.809490434783
"2019/05/11",28.789792083333,4.784097125,26.054691217391,70.872815652174
"2019/05/10",36.712054166667,4.629197,49.171936521739,52.760547826087
"2019/05/09",26.226585291667,3.037146375,22.900858173913,68.190953478261
"2019/05/08",16.867899166667,2.8979275833333,21.535171,74.071845416667
"2019/05/07",37.159320416667,3.448072875,15.934151652174,98.468875
"2019/05/06",62.930706666667,5.0338995833333,19.482859434783,94.43462625
"2019/05/05",35.966033333333,5.5930720833333,38.391094782609,61.369305125
"2019/05/04",37.680672083333,11.71349,35.231852608696,98.969102083333
"2019/05/03",29.497785,9.5954659166667,39.181776086957,66.507903333333
"2019/05/02",23.797583666667,4.961899625,16.751113913043,92.935589583333
"2019/05/01",36.80789375,5.54827875,20.20218073913,89.732530833333
"2019/04/30",61.986995833333,6.18044375,33.321411304348,78.868912083333
"2019/04/29",82.080602916667,6.9005123333333,45.975812173913,62.89281875
"2019/04/28",71.881476666667,10.509064625,47.511276086957,61.946254166667
"2019/04/27",62.23039125,8.8542615416667,61.304842173913,40.448992
"2019/04/26",50.472492083333,7.63481,49.395447391304,44.008872916667
"2019/04/25",54.960569583333,9.2868355833333,59.1761425,52.899190833333
"2019/04/24",46.792952083333,4.6238331666667,56.258635652174,49.028220041667
"2019/04/23",,5.8238594347826,37.171401304348,67.990324166667
"2019/04/22",,4.8076901666667,35.825627826087,70.812266666667
"2019/04/21",,3.8737122727273,22.484695714286,92.40817173913
"2019/04/20",23.232716583333,3.2361112083333,27.399564347826,78.227235416667
"2019/04/19",17.233312791667,2.7186625416667,26.558788695652,85.203085416667
"2019/04/18",30.03712875,2.4605532916667,37.969621304348,56.979275416667
"2019/04/17",26.395443333333,5.9719106666667,41.305093043478,77.1270775
"2019/04/16",21.816204583333,2.4604990833333,34.522900434783,72.244879583333
"2019/04/15",11.40951275,2.833374375,24.266743913043,36.576545
"2019/04/14",20.140392916667,3.887252,30.33068173913,62.698916666667
"2019/04/13",22.440772833333,4.3527640416667,47.430652869565,55.515988333333
"2019/04/12",19.440014541667,5.140215375,19.490510391304,86.68120625
"2019/04/11",22.398260541667,2.6025533333333,38.561093913043,64.57356
"2019/04/10",24.995463333333,3.6483812916667,61.061520434783,33.660237375
"2019/04/09",27.725391916667,4.1606828333333,53.099195608696,60.413917541667
"2019/04/08",62.560754166667,8.88804325,71.871442173913,36.341477833333
"2019/04/07",63.396169583333,7.0183986666667,61.05078173913,41.713601333333
"2019/04/06",59.338680416667,5.4782037916667,49.988082608696,47.619932166667
"2019/04/05",56.906781666667,8.6192907916667,59.939613043478,50.68982875
"2019/04/04",40.723055416667,5.4975546666667,45.181200434783,69.641527916667
"2019/04/03",46.61308125,4.032145875,38.92004826087,80.58658
"2019/04/02",46.78279625,3.516962375,45.192589130435,55.32764625
"2019/04/01",25.70567625,3.1823899166667,40.471487391304,71.566922083333
"2019/03/31",23.620453333333,2.979086375,19.134506791667,101.1441526087
"2019/03/30",23.606387083333,4.189953375,24.17768826087,87.750737391304
"2019/03/29",26.397815666667,4.469310875,32.78397173913,75.622825217391
"2019/03/28",34.5838425,4.6355904583333,36.68466173913,66.225514347826
"2019/03/27",27.564256666667,3.7816535416667,43.241211304348,62.837243043478
"2019/03/26",47.398934166667,6.99661525,52.912475652174,52.119169565217
"2019/03/25",35.270031666667,6.121125125,49.399115652174,53.760257391304
"2019/03/24",26.011520416667,4.20877,35.616606521739,64.77302
"2019/03/23",40.627425833333,5.6389536666667,47.605762608696,52.184734782609
"2019/03/22",34.412791666667,4.7263874166667,46.463809565217,52.698039086957
"2019/03/21",26.355509166667,4.5442465833333,35.413290869565,63.413517826087
"2019/03/20",36.619459583333,3.2468249583333,34.610890869565,55.62262826087
"2019/03/19",51.702520833333,12.241968666667,61.124977391304,46.666194869565
"2019/03/18",45.319980416667,9.75695125,55.462234347826,63.282612608696
"2019/03/17",32.571182083333,10.642177041667,44.516680086957,73.566833043478
"2019/03/16",27.00293125,5.579093375,30.44828826087,67.484983043478
"2019/03/15",44.374255217391,4.9596038333333,59.701370869565,34.86509826087
"2019/03/14",27.311703333333,3.8685847916667,40.312080434783,52.184985217391
"2019/03/13",9.0556685,3.52928875,30.758326086957,67.256311304348
"2019/03/12",38.23078525,4.9742088333333,57.771549173913,40.014549304348
"2019/03/11",41.416307727273,7.1855262083333,54.837432608696,63.325627826087
"2019/03/10",45.10591375,5.9253995,50.628121304348,56.736129391304
"2019/03/09",45.675261541667,10.74007925,50.266139130435,61.856487826087
"2019/03/08",51.456547083333,8.6433385,60.758733478261,58.726998652174
"2019/03/07",46.610645416667,7.8303225,73.264193043478,37.960752875
"2019/03/06",55.753014583333,8.5949771666667,92.628717916667,31.457581956522
"2019/03/05",49.400333333333,7.41799625,48.149255652174,62.482126304348
"2019/03/04",32.257682083333,2.9073655833333,42.231229565217,55.119525217391
"2019/03/03",24.95869875,3.476453875,30.323239565217,68.456738695652
"2019/03/02",63.3515125,9.4105079166667,75.564475217391,39.568571043478
"2019/03/01",35.318434166667,10.641718291667,53.301169521739,62.296259956522
"2019/02/28",15.186500208333,2.5529775416667,22.563784347826,72.354646086957
"2019/02/27",15.101272333333,2.15708525,32.982499130435,65.596594347826
"2019/02/26",26.1837425,3.2058599166667,32.269553913043,69.953077826087
"2019/02/25",21.009645416667,2.510232625,41.569459565217,45.327872173913
"2019/02/24",7.92092975,2.050689125,26.880509130435,61.215464782609
"2019/02/23",24.677171833333,4.0716510833333,35.228082608696,59.268123478261
"2019/02/22",90.613006666667,8.5946105416667,67.172814782609,30.703675391304
"2019/02/21",70.267289166667,7.38907125,81.061322173913,23.23964473913
"2019/02/20",72.8618875,4.9030407083333,71.844052173913,20.229654083333
"2019/02/19",91.132829583333,8.9981884166667,87.453825652174,22.395322583333
"2019/02/18",54.313309583333,4.665165,51.392588695652,31.238493208333
"2019/02/17",34.557974583333,5.6887612916667,40.92550173913,50.019617217391
"2019/02/16",27.385409583333,3.36032225,33.281024347826,58.396265652174
"2019/02/15",23.145291521739,3.4844149166667,40.362933043478,51.448366086957
"2019/02/14",16.43586825,2.2801505416667,28.578010695652,60.806994347826
"2019/02/13",9.262828875,2.7915885833333,33.409549130435,42.18014826087
"2019/02/12",27.897073,3.6278752916667,30.585894869565,66.637200434783
"2019/02/11",55.94498,11.243670333333,56.13099,33.919619826087
"2019/02/10",30.41183,3.5537022083333,36.488736521739,31.66641875
"2019/02/09",18.643898791667,2.35319975,31.446715416667,47.764025217391
"2019/02/08",16.220252708333,3.3081149583333,43.511706086957,29.757225652174
"2019/02/07",22.071401208333,2.4563790833333,33.431751086957,39.603313043478
"2019/02/06",33.3419635,3.2571859583333,49.015781304348,32.833628695652
"2019/02/05",60.8185875,3.3503259166667,54.18382173913,23.708126695652
"2019/02/04",59.515230416667,15.491707916667,68.005676086957,29.834245434783
"2019/02/03",31.58060875,9.52494625,32.507476956522,55.111902833333
"2019/02/02",34.511749583333,3.4386524583333,40.884693478261,47.594404375
"2019/02/01",20.8997275,4.79583175,30.02776773913,66.429015565217
"2019/01/31",19.227196625,4.0860195416667,32.109104130435,61.79075
"2019/01/30",22.348643333333,3.4229917083333,33.695793478261,61.364797391304
"2019/01/29",44.32976125,5.3071033333333,49.886845217391,43.551672304348
"2019/01/28",58.522330416667,4.9633185,58.275080434783,13.869660869565
"2019/01/27",25.727369583333,1.7294542083333,30.57698826087,24.269485869565
"2019/01/26",73.572000833333,4.5155039166667,43.900599130435,48.923157652174
"2019/01/25",38.6403465,5.8858297083333,53.268254782609,39.122937695652
"2019/01/24",27.566335125,3.6942883333333,35.383770173913,51.358706391304
"2019/01/23",36.68346375,4.5098966666667,44.325838695652,34.751321608696
"2019/01/22",39.9956075,5.744130375,47.299610869565,30.485948043478
"2019/01/21",37.49869375,4.2729252608696,45.120399130435,34.461653478261
"2019/01/20",36.82032625,9.6668615833333,33.56407,46.303676086957
"2019/01/19",34.628417916667,9.8619133333333,32.87541,51.904905217391
"2019/01/18",26.663854166667,10.383167391304,24.962200869565,62.183838695652
"2019/01/17",26.553555291667,3.6704270833333,42.092896521739,48.637304583333
"2019/01/16",15.231200583333,1.7616372083333,25.128343913043,65.488804583333
"2019/01/15",20.38331625,1.8113684583333,42.504913333333,42.844362083333
"2019/01/14",39.310474583333,3.8819257916667,45.266063478261,33.0009805
"2019/01/13",24.917937791667,2.587853375,38.082249565217,47.226664347826
"2019/01/12",18.226702541667,1.5894954166667,51.128795217391,30.874514347826
"2019/01/11",9.1244494583333,2.2849783333333,27.893766217391,64.587262608696
"2019/01/10",36.148489583333,7.7324086666667,46.36664373913,54.754500434783
"2019/01/09",28.016379166667,4.5137292916667,33.346810434783,47.28238125
"2019/01/08",19.567727083333,1.927827875,29.636936521739,51.107237083333
"2019/01/07",18.053363625,2.2399332916667,35.911483913043,41.500764166667
"2019/01/06",15.029299916667,2.094099875,35.92049,45.93847625
"2019/01/05",17.040698125,2.616896,39.264886521739,34.049015
"2019/01/04",11.903964583333,1.074779125,36.63246773913,41.666077833333
"2019/01/03",21.349142125,2.6785740869565,48.923548695652,33.911998875
"2019/01/02",51.68107875,6.5193920833333,59.88799,17.75140225
"2019/01/01",46.038948333333,8.6598633333333,44.754227391304,31.296067916667
"2018/12/31",44.661499583333,5.207461375,49.917778695652,20.148298208333
"2018/12/30",13.418659958333,2.429477375,34.172605652174,31.604886541667
"2018/12/29",18.868106083333,9.5765116666667,,46.965742083333
"2018/12/28",36.961614347826,6.1304795833333,,24.105206875
"2018/12/27",29.7618875,5.9898625833333,,17.810108
"2018/12/26",24.035552565217,4.936429625,,31.93928325
"2018/12/25",17.586036833333,1.6793916666667,31.244091652174,42.173442916667
"2018/12/24",38.436970833333,5.9668999583333,27.952682173913,44.00434875
"2018/12/23",35.23659,7.759265875,35.083236086957,37.75081
"2018/12/22",53.080977916667,9.8283628333333,34.97778173913,22.492243958333
"2018/12/21",40.5373775,7.1985199166667,28.75048375,10.85659475
"2018/12/20",31.460780954545,3.4951858333333,27.082609565217,19.555951625
"2018/12/19",14.74614825,1.1784025,15.107144608696,38.640108333333
"2018/12/18",36.629019291667,2.7578904583333,41.159527826087,15.535876
"2018/12/17",34.093660416667,5.1087177916667,45.095717391304,14.900719791667
"2018/12/16",27.291030833333,7.55509375,24.548821,45.52793125
"2018/12/15",32.485134583333,8.528636375,25.128255217391,41.5617775
"2018/12/14",35.431760291667,7.0937694166667,42.532979565217,33.802551375
"2018/12/13",30.084649583333,7.55098825,33.884215956522,39.4093195
"2018/12/12",22.482987791667,2.1516642083333,34.464232608696,35.17711575
"2018/12/11",20.706132041667,2.6885920833333,26.083963217391,48.278758695652
"2018/12/10",26.231675833333,2.1401924583333,50.128438695652,27.74478226087
"2018/12/09",26.2324875,11.430260916667,24.058887826087,45.202726086957
"2018/12/08",38.416225416667,3.2401849583333,34.806963043478,37.361080478261
"2018/12/07",31.838469166667,2.1801513478261,28.702587,57.912050478261
"2018/12/06",18.213251875,0.99598579166667,16.769271826087,56.17574
"2018/12/05",28.2937125,4.6867018333333,39.235459565217,26.693006458333
"2018/12/04",58.084779583333,5.7747020833333,42.685267826087,15.431858083333
"2018/12/03",71.484570416667,10.168449666667,45.56377173913,10.906805
"2018/12/02",44.739784583333,6.4122725,34.586008695652,19.050683541667
"2018/12/01",34.12502225,2.482338125,33.180234565217,26.354762291667
"2018/11/30",13.026760166667,0.718192375,18.996348086957,58.408608333333
"2018/11/29",13.013641625,0.91168816666667,19.251138304348,47.028405416667
"2018/11/28",22.228657958333,1.6764569166667,28.336665217391,34.272768
"2018/11/27",42.010918541667,2.6742474166667,35.33425573913,49.105710458333
"2018/11/26",41.383857916667,8.956306125,25.982884583333,37.62897725
"2018/11/25",52.070474166667,2.878910875,30.997538695652,21.250624833333
"2018/11/24",38.702853333333,9.1834177916667,36.786989565217,38.479626304348
"2018/11/23",31.25246125,1.2245895833333,28.261450608696,48.354312608696
"2018/11/22",34.643796458333,2.0552249583333,33.989629565217,23.501064043478
"2018/11/21",70.82456625,6.8843050416667,,6.3796804782609
"2018/11/20",36.990722083333,2.0086167083333,,16.205483391304
"2018/11/19",35.09005375,3.9976422083333,38.74468973913,29.93889826087
"2018/11/18",40.394614583333,6.8634831666667,41.343296521739,13.741326695652
"2018/11/17",28.091650833333,2.5973993333333,35.35462173913,18.500870043478
"2018/11/16",12.56897825,0.93939970833333,20.081941,38.315299130435
"2018/11/15",20.785284041667,1.6610517083333,31.125035909091,27.544585681818
"2018/11/14",26.23547125,1.596833,35.28231875,31.767079166667
"2018/11/13",28.915472916667,4.1022765833333,34.44805,41.350994166667
"2018/11/12",59.273173333333,4.680002625,43.734412916667,23.854341916667
"2018/11/11",51.555952916667,4.3973293333333,40.249364583333,29.351137625
"2018/11/10",38.443274166667,2.0337754166667,40.763791666667,27.820777166667
"2018/11/09",41.72787952381,1.3520889090909,40.110676363636,25.963445181818
"2018/11/08",42.86248,4.053031875,39.3565375,28.143562333333
"2018/11/07",26.015823333333,2.1663727916667,29.8018975,43.27760875
"2018/11/06",31.007614166667,2.3509873333333,33.89435125,31.680953666667
"2018/11/05",34.948955,2.5644615833333,33.40081875,39.915431458333
"2018/11/04",36.529879583333,2.5209355,35.466634583333,37.050336666667
"2018/11/03",30.646734583333,3.0061912173913,31.95422375,61.307407083333
"2018/11/02",53.69612,3.8991141666667,46.349624583333,42.177984041667
"2018/11/01",71.306290416667,16.500936916667,69.47048,23.9948695
"2018/10/31",69.497363333333,9.4888062083333,63.816422916667,20.662685208333
"2018/10/30",64.521889583333,14.543773166667,64.301677083333,22.91181875
"2018/10/29",35.426045833333,5.190596125,37.226765619048,53.925344458333

